{
  "model_name": "Random Forest",
  "model_version": "1.1.0",
  "training_date": "2026-06-11T01:14:44.631454",
  "dataset": "German Credit (Statlog)",
  "num_samples": 1000,
  "metrics": {
    "accuracy": 0.52,
    "precision": 0.38,
    "recall": 0.95,
    "f1": 0.5428571428571428,
    "roc_auc": 0.7955357142857143,
    "confusion_matrix": [
      [
        47,
        93
      ],
      [
        3,
        57
      ]
    ],
    "optimal_threshold": 0.14
  }
}